fight_id,fighter,kd,sig_str_pct,td_pct,sub_att,rev,round,sig_str_landed,sig_str_attempted,total_str_landed,total_str_attempted,td_landed,td_attempted,sig_str_landed,sig_str_attempted,head_landed,head_attempted,body_landed,body_attempted,leg_landed,leg_attempted,distance_landed,distance_attempted,clinch_landed,clinch_attempted,ground_landed,ground_attempted,ctrl_secs
1162a74e3604c488,Ryan Gandra,1,50,,0,0,0,10,20,10,20,0,0,10,20,8,16,2,4,0,0,5,13,0,0,5,7,5
1162a74e3604c488,Ryan Gandra,1,50,,0,0,1,10,20,10,20,0,0,10,20,8,16,2,4,0,0,5,13,0,0,5,7,5
1162a74e3604c488,Zach Reese,0,50,,0,0,0,5,10,5,10,0,0,5,10,3,8,1,1,1,1,5,10,0,0,0,0,0
1162a74e3604c488,Zach Reese,0,50,,0,0,1,5,10,5,10,0,0,5,10,3,8,1,1,1,1,5,10,0,0,0,0,0
a26ea74f2e908842,King Green,1,59,,0,0,0,43,72,57,86,0,0,43,72,18,43,20,24,5,5,35,59,0,2,8,11,3
a26ea74f2e908842,King Green,1,59,,0,0,1,43,72,57,86,0,0,43,72,18,43,20,24,5,5,35,59,0,2,8,11,3
a26ea74f2e908842,Terrance McKinney,0,56,100,0,0,0,45,80,59,96,1,1,45,80,40,75,5,5,0,0,25,58,2,3,18,19,132
a26ea74f2e908842,Terrance McKinney,0,56,100,0,0,1,45,80,59,96,1,1,45,80,40,75,5,5,0,0,25,58,2,3,18,19,132
989760fa75321d69,Conor McGregor,0,0,,0,0,0,0,6,5,11,0,0,0,6,0,6,0,0,0,0,0,5,0,1,0,0,0
989760fa75321d69,Conor McGregor,0,0,,0,0,1,0,6,5,11,0,0,0,6,0,6,0,0,0,0,0,5,0,1,0,0,0
989760fa75321d69,Max Holloway,0,63,,0,0,0,12,19,14,22,0,0,12,19,8,15,0,0,4,4,5,6,0,0,7,13,37
989760fa75321d69,Max Holloway,0,63,,0,0,1,12,19,14,22,0,0,12,19,8,15,0,0,4,4,5,6,0,0,7,13,37
1b6a3b0d27654d3e,Alessandro Costa,0,42,,2,0,0,21,49,25,53,0,0,21,49,15,36,4,7,2,6,19,45,0,1,2,3,61
1b6a3b0d27654d3e,Alessandro Costa,0,43,,0,0,1,16,37,16,37,0,0,16,37,11,28,4,6,1,3,16,36,0,1,0,0,0
1b6a3b0d27654d3e,Alessandro Costa,0,41,,2,0,2,5,12,9,16,0,0,5,12,4,8,0,1,1,3,3,9,0,0,2,3,61
1b6a3b0d27654d3e,Cody Durden,0,38,0,0,0,0,28,73,30,75,0,2,28,73,21,66,2,2,5,5,27,71,1,2,0,0,12
1b6a3b0d27654d3e,Cody Durden,0,32,0,0,0,1,17,53,19,55,0,2,17,53,12,48,2,2,3,3,16,51,1,2,0,0,12
1b6a3b0d27654d3e,Cody Durden,0,55,,0,0,2,11,20,11,20,0,0,11,20,9,18,0,0,2,2,11,20,0,0,0,0,0
130b325610c54a64,Benoit Saint Denis,0,33,0,0,0,0,1,3,1,3,0,1,1,3,1,3,0,0,0,0,1,3,0,0,0,0,4
130b325610c54a64,Benoit Saint Denis,0,33,0,0,0,1,1,3,1,3,0,1,1,3,1,3,0,0,0,0,1,3,0,0,0,0,4
130b325610c54a64,Paddy Pimblett,0,80,,1,0,0,4,5,4,5,0,0,4,5,2,3,0,0,2,2,4,5,0,0,0,0,37
130b325610c54a64,Paddy Pimblett,0,80,,1,0,1,4,5,4,5,0,0,4,5,2,3,0,0,2,2,4,5,0,0,0,0,37
7765e5e779dd7dc9,Nikita Krylov,0,51,50,0,0,0,51,99,57,106,3,6,51,99,21,62,17,23,13,14,45,92,6,7,0,0,130
7765e5e779dd7dc9,Nikita Krylov,0,50,60,0,0,1,20,40,26,47,3,5,20,40,10,28,7,8,3,4,17,36,3,4,0,0,130
7765e5e779dd7dc9,Nikita Krylov,0,53,0,0,0,2,28,52,28,52,0,1,28,52,10,31,8,11,10,10,25,49,3,3,0,0,0
7765e5e779dd7dc9,Nikita Krylov,0,42,,0,0,3,3,7,3,7,0,0,3,7,1,3,2,4,0,0,3,7,0,0,0,0,0
7765e5e779dd7dc9,Robert Whittaker,0,48,,0,0,0,54,111,55,112,0,0,54,111,54,111,0,0,0,0,51,105,3,6,0,0,0
7765e5e779dd7dc9,Robert Whittaker,0,52,,0,0,1,20,38,21,39,0,0,20,38,20,38,0,0,0,0,17,32,3,6,0,0,0
7765e5e779dd7dc9,Robert Whittaker,0,47,,0,0,2,29,61,29,61,0,0,29,61,29,61,0,0,0,0,29,61,0,0,0,0,0
7765e5e779dd7dc9,Robert Whittaker,0,41,,0,0,3,5,12,5,12,0,0,5,12,5,12,0,0,0,0,5,12,0,0,0,0,0
930317fde9dbc55e,Luke Riley,1,64,,0,0,0,43,67,43,67,0,0,43,67,30,53,9,10,4,4,35,58,6,7,2,2,2
930317fde9dbc55e,Luke Riley,1,64,,0,0,1,43,67,43,67,0,0,43,67,30,53,9,10,4,4,35,58,6,7,2,2,2
930317fde9dbc55e,Kai Kamaka III,0,56,,0,0,0,23,41,23,41,0,0,23,41,9,23,4,5,10,13,23,41,0,0,0,0,0
930317fde9dbc55e,Kai Kamaka III,0,56,,0,0,1,23,41,23,41,0,0,23,41,9,23,4,5,10,13,23,41,0,0,0,0,0
118c25bda9392140,Gable Steveson,1,71,0,0,0,0,41,57,41,57,0,1,41,57,25,39,12,14,4,4,28,40,12,16,1,1,10
118c25bda9392140,Gable Steveson,1,71,0,0,0,1,41,57,41,57,0,1,41,57,25,39,12,14,4,4,28,40,12,16,1,1,10
118c25bda9392140,Elisha Ellison,0,39,,0,0,0,13,33,14,34,0,0,13,33,10,30,3,3,0,0,9,28,4,5,0,0,0
118c25bda9392140,Elisha Ellison,0,39,,0,0,1,13,33,14,34,0,0,13,33,10,30,3,3,0,0,9,28,4,5,0,0,0
e9f389ba3a1e33c4,Cody Garbrandt,0,40,0,0,0,0,13,32,13,32,0,1,13,32,10,29,2,2,1,1,12,29,1,3,0,0,0
e9f389ba3a1e33c4,Cody Garbrandt,0,40,0,0,0,1,13,32,13,32,0,1,13,32,10,29,2,2,1,1,12,29,1,3,0,0,0
e9f389ba3a1e33c4,Adrian Yanez,1,53,,0,0,0,16,30,16,30,0,0,16,30,13,27,2,2,1,1,12,25,4,5,0,0,0
e9f389ba3a1e33c4,Adrian Yanez,1,53,,0,0,1,16,30,16,30,0,0,16,30,13,27,2,2,1,1,12,25,4,5,0,0,0
9e00ee7644774e18,Farid Basharat,0,64,22,0,0,0,86,134,95,145,5,22,86,134,65,109,6,9,15,16,68,107,5,7,13,20,242
9e00ee7644774e18,Farid Basharat,0,65,50,0,0,1,23,35,24,36,2,4,23,35,16,26,2,3,5,6,21,32,1,2,1,1,96
9e00ee7644774e18,Farid Basharat,0,72,20,0,0,2,26,36,28,38,2,10,26,36,21,30,2,3,3,3,23,33,1,1,2,2,66
9e00ee7644774e18,Farid Basharat,0,58,12,0,0,3,37,63,43,71,1,8,37,63,28,53,2,3,7,7,24,42,3,4,10,17,80
9e00ee7644774e18,John Garza,0,43,,0,1,0,82,187,92,197,0,0,82,187,55,151,27,33,0,3,66,165,16,21,0,1,13
9e00ee7644774e18,John Garza,0,31,,0,1,1,15,47,20,52,0,0,15,47,8,37,7,8,0,2,14,45,1,2,0,0,7
9e00ee7644774e18,John Garza,0,43,,0,0,2,33,76,37,80,0,0,33,76,21,61,12,14,0,1,21,60,12,16,0,0,5
9e00ee7644774e18,John Garza,0,53,,0,0,3,34,64,35,65,0,0,34,64,26,53,8,11,0,0,31,60,3,3,0,1,1
e84c3f1f9a33fa90,Tracy Cortez,0,46,11,0,0,0,72,156,74,158,1,9,72,156,48,127,12,17,12,12,66,149,6,7,0,0,31
e84c3f1f9a33fa90,Tracy Cortez,0,47,25,0,0,1,21,44,21,44,1,4,21,44,14,35,4,6,3,3,18,40,3,4,0,0,13
e84c3f1f9a33fa90,Tracy Cortez,0,48,0,0,0,2,27,56,29,58,0,2,27,56,17,44,5,7,5,5,26,55,1,1,0,0,0
e84c3f1f9a33fa90,Tracy Cortez,0,42,0,0,0,3,24,56,24,56,0,3,24,56,17,48,3,4,4,4,22,54,2,2,0,0,18
e84c3f1f9a33fa90,Wang Cong,0,63,,0,0,0,137,215,153,231,0,0,137,215,77,140,28,33,32,42,126,199,6,8,5,8,82
e84c3f1f9a33fa90,Wang Cong,0,65,,0,0,1,41,63,49,71,0,0,41,63,21,38,4,5,16,20,37,57,4,6,0,0,37
e84c3f1f9a33fa90,Wang Cong,0,61,,0,0,2,52,85,55,88,0,0,52,85,33,61,10,12,9,12,47,77,1,1,4,7,29
e84c3f1f9a33fa90,Wang Cong,0,65,,0,0,3,44,67,49,72,0,0,44,67,23,41,14,16,7,10,42,65,1,1,1,1,16
b223b10ef19f912c,Damian Pinas,1,75,0,0,0,0,25,33,28,37,0,1,25,33,12,20,5,5,8,8,24,32,0,0,1,1,3
b223b10ef19f912c,Damian Pinas,1,75,0,0,0,1,25,33,28,37,0,1,25,33,12,20,5,5,8,8,24,32,0,0,1,1,3
b223b10ef19f912c,Cesar Almeida,0,74,100,0,0,0,37,50,39,52,1,1,37,50,8,16,15,20,14,14,37,50,0,0,0,0,33
b223b10ef19f912c,Cesar Almeida,0,74,100,0,0,1,37,50,39,52,1,1,37,50,8,16,15,20,14,14,37,50,0,0,0,0,33
a3ab1979192b647c,Brandon Royval,0,55,50,2,0,0,84,152,146,218,3,6,84,152,78,146,4,4,2,2,55,117,11,13,18,22,293
a3ab1979192b647c,Brandon Royval,0,54,50,0,0,1,32,59,49,76,1,2,32,59,27,54,3,3,2,2,20,45,4,4,8,10,75
a3ab1979192b647c,Brandon Royval,0,46,33,0,0,2,31,66,58,95,1,3,31,66,30,65,1,1,0,0,25,56,3,5,3,5,34
a3ab1979192b647c,Brandon Royval,0,77,100,2,0,3,21,27,39,47,1,1,21,27,21,27,0,0,0,0,10,16,4,4,7,7,184
a3ab1979192b647c,Lone'er Kavanagh,1,59,50,1,0,0,56,94,63,101,1,2,56,94,31,63,17,19,8,12,34,61,10,13,12,20,129
a3ab1979192b647c,Lone'er Kavanagh,0,55,100,0,0,1,19,34,19,34,1,1,19,34,7,18,6,7,6,9,17,30,1,1,1,3,16
a3ab1979192b647c,Lone'er Kavanagh,1,61,0,0,0,2,34,55,39,60,0,1,34,55,22,41,11,12,1,2,14,26,9,12,11,17,113
a3ab1979192b647c,Lone'er Kavanagh,0,60,,1,0,3,3,5,5,7,0,0,3,5,2,4,0,0,1,1,3,5,0,0,0,0,0
c572daedf2012a49,Cory Sandhagen,0,50,25,0,0,0,89,176,104,196,1,4,89,176,70,150,9,16,10,10,73,154,16,22,0,0,73
c572daedf2012a49,Cory Sandhagen,0,54,0,0,0,1,39,71,43,78,0,2,39,71,23,50,7,12,9,9,31,59,8,12,0,0,23
c572daedf2012a49,Cory Sandhagen,0,50,,0,0,2,39,77,44,82,0,0,39,77,38,74,1,3,0,0,33,70,6,7,0,0,9
c572daedf2012a49,Cory Sandhagen,0,39,50,0,0,3,11,28,17,36,1,2,11,28,9,26,1,1,1,1,9,25,2,3,0,0,41
c572daedf2012a49,Mario Bautista,1,61,40,3,0,0,114,185,143,215,8,20,114,185,76,141,20,24,18,20,82,145,17,18,15,22,201
c572daedf2012a49,Mario Bautista,0,67,25,2,0,1,35,52,42,59,1,4,35,52,24,40,5,6,6,6,31,48,4,4,0,0,37
c572daedf2012a49,Mario Bautista,0,49,0,0,0,2,39,79,44,84,0,5,39,79,20,55,9,12,10,12,32,71,7,8,0,0,18
c572daedf2012a49,Mario Bautista,1,74,63,1,0,3,40,54,57,72,7,11,40,54,32,46,6,6,2,2,19,26,6,6,15,22,146
9e525f939fba3e73,Ezra Elliott,0,54,66,3,0,0,6,11,21,29,12,18,6,11,4,8,1,2,1,1,2,6,0,1,4,4,661
9e525f939fba3e73,Ezra Elliott,0,16,57,0,0,1,1,6,4,9,4,7,1,6,0,4,0,1,1,1,1,5,0,1,0,0,221
9e525f939fba3e73,Ezra Elliott,0,100,80,3,0,2,5,5,5,5,4,5,5,5,4,4,1,1,0,0,1,1,0,0,4,4,243
9e525f939fba3e73,Ezra Elliott,0,,66,0,0,3,0,0,12,15,4,6,0,0,0,0,0,0,0,0,0,0,0,0,0,0,197
9e525f939fba3e73,Damien Anderson,0,35,0,1,0,0,7,20,23,37,0,2,7,20,5,16,2,2,0,2,2,8,3,4,2,8,47
9e525f939fba3e73,Damien Anderson,0,44,0,1,0,1,4,9,14,20,0,1,4,9,3,6,1,1,0,2,2,6,1,2,1,1,0
9e525f939fba3e73,Damien Anderson,0,50,0,0,0,2,2,4,2,4,0,1,2,4,1,3,1,1,0,0,0,2,2,2,0,0,0
9e525f939fba3e73,Damien Anderson,0,14,,0,0,3,1,7,7,13,0,0,1,7,1,7,0,0,0,0,0,0,0,0,1,7,47
c64c6ba6eb1e1d06,Tommy McMillen,2,49,,0,0,0,252,513,255,517,0,0,252,513,185,429,52,65,15,19,234,484,11,19,7,10,57
c64c6ba6eb1e1d06,Tommy McMillen,0,43,,0,0,1,74,170,74,170,0,0,74,170,56,144,10,15,8,11,71,166,0,0,3,4,31
c64c6ba6eb1e1d06,Tommy McMillen,0,49,,0,0,2,97,197,97,198,0,0,97,197,68,160,26,33,3,4,89,181,8,16,0,0,0
c64c6ba6eb1e1d06,Tommy McMillen,2,55,,0,0,3,81,146,84,149,0,0,81,146,61,125,16,17,4,4,74,137,3,3,4,6,26
c64c6ba6eb1e1d06,Alberto Montes,0,38,,0,0,0,56,147,56,147,0,0,56,147,48,134,4,8,4,5,56,147,0,0,0,0,0
c64c6ba6eb1e1d06,Alberto Montes,0,41,,0,0,1,23,56,23,56,0,0,23,56,21,51,1,4,1,1,23,56,0,0,0,0,0
c64c6ba6eb1e1d06,Alberto Montes,0,40,,0,0,2,26,64,26,64,0,0,26,64,21,58,3,4,2,2,26,64,0,0,0,0,0
c64c6ba6eb1e1d06,Alberto Montes,0,25,,0,0,3,7,27,7,27,0,0,7,27,6,25,0,0,1,2,7,27,0,0,0,0,0
f2eb569176e46edf,Jean-Paul Lebosnoyani,0,34,75,2,0,0,52,152,67,168,3,4,52,152,35,125,10,19,7,8,41,132,11,20,0,0,129
f2eb569176e46edf,Jean-Paul Lebosnoyani,0,29,100,1,0,1,15,51,18,54,1,1,15,51,9,40,2,7,4,4,14,48,1,3,0,0,30
f2eb569176e46edf,Jean-Paul Lebosnoyani,0,44,100,1,0,2,15,34,27,47,1,1,15,34,10,28,3,4,2,2,11,29,4,5,0,0,72
f2eb569176e46edf,Jean-Paul Lebosnoyani,0,32,50,0,0,3,22,67,22,67,1,2,22,67,16,57,5,8,1,2,16,55,6,12,0,0,27
f2eb569176e46edf,Seokhyeon Ko,0,39,0,0,1,0,66,168,80,186,0,4,66,168,55,153,7,11,4,4,61,163,2,2,3,3,107
f2eb569176e46edf,Seokhyeon Ko,0,40,0,0,0,1,25,61,27,63,0,2,25,61,18,53,3,4,4,4,24,60,1,1,0,0,14
f2eb569176e46edf,Seokhyeon Ko,0,34,0,0,1,2,17,49,28,63,0,1,17,49,14,45,3,4,0,0,13,45,1,1,3,3,93
f2eb569176e46edf,Seokhyeon Ko,0,41,0,0,0,3,24,58,25,60,0,1,24,58,23,55,1,3,0,0,24,58,0,0,0,0,0
46d800ce45fdd3e6,Levi Rodrigues Jr.,0,34,,0,0,0,11,32,26,52,0,0,11,32,7,27,0,0,4,5,11,32,0,0,0,0,0
46d800ce45fdd3e6,Levi Rodrigues Jr.,0,39,,0,0,1,11,28,26,48,0,0,11,28,7,23,0,0,4,5,11,28,0,0,0,0,0
46d800ce45fdd3e6,Levi Rodrigues Jr.,0,0,,0,0,2,0,4,0,4,0,0,0,4,0,4,0,0,0,0,0,4,0,0,0,0,0
46d800ce45fdd3e6,Felipe Franco,0,69,50,0,0,0,39,56,52,72,3,6,39,56,38,55,1,1,0,0,12,20,0,0,27,36,231
46d800ce45fdd3e6,Felipe Franco,0,64,50,0,0,1,16,25,25,37,2,4,16,25,15,24,1,1,0,0,9,16,0,0,7,9,147
46d800ce45fdd3e6,Felipe Franco,0,74,50,0,0,2,23,31,27,35,1,2,23,31,23,31,0,0,0,0,3,4,0,0,20,27,84
3bd159c1bed14700,Austin Bashi,0,36,21,1,1,0,32,87,54,111,3,14,32,87,23,74,7,10,2,3,26,78,4,7,2,2,190
3bd159c1bed14700,Austin Bashi,0,35,16,0,0,1,10,28,11,29,1,6,10,28,7,25,3,3,0,0,9,26,1,2,0,0,40
3bd159c1bed14700,Austin Bashi,0,25,40,0,0,2,7,27,13,33,2,5,7,27,4,22,1,2,2,3,5,25,2,2,0,0,70
3bd159c1bed14700,Austin Bashi,0,46,0,1,1,3,15,32,30,49,0,3,15,32,12,27,3,5,0,0,12,27,1,3,2,2,80
3bd159c1bed14700,Jose Delgado,1,41,33,0,0,0,35,85,70,126,1,3,35,85,22,70,9,11,4,4,29,78,5,6,1,1,114
3bd159c1bed14700,Jose Delgado,1,41,,0,0,1,12,29,38,60,0,0,12,29,6,23,4,4,2,2,9,25,2,3,1,1,84
3bd159c1bed14700,Jose Delgado,0,46,,0,0,2,13,28,15,30,0,0,13,28,9,22,3,5,1,1,12,27,1,1,0,0,11
3bd159c1bed14700,Jose Delgado,0,35,33,0,0,3,10,28,17,36,1,3,10,28,7,25,2,2,1,1,8,26,2,2,0,0,19
701c97405da76603,Dricus Du Plessis,0,49,0,0,0,0,136,273,139,278,0,2,136,273,102,230,24,30,10,13,132,267,4,4,0,2,6
701c97405da76603,Dricus Du Plessis,0,46,,0,0,1,29,62,30,63,0,0,29,62,22,50,2,5,5,7,28,61,1,1,0,0,0
701c97405da76603,Dricus Du Plessis,0,51,,0,0,2,36,70,38,73,0,0,36,70,32,66,2,2,2,2,34,67,2,2,0,1,6
701c97405da76603,Dricus Du Plessis,0,58,,0,0,3,25,43,25,43,0,0,25,43,17,33,6,8,2,2,25,43,0,0,0,0,0
701c97405da76603,Dricus Du Plessis,0,47,,0,0,4,24,51,24,52,0,0,24,51,18,43,6,7,0,1,23,49,1,1,0,1,0
701c97405da76603,Dricus Du Plessis,0,46,0,0,0,5,22,47,22,47,0,2,22,47,13,38,8,8,1,1,22,47,0,0,0,0,0
701c97405da76603,Kamaru Usman,0,39,0,0,0,0,92,234,99,244,0,7,92,234,49,170,37,58,6,6,88,230,4,4,0,0,24
701c97405da76603,Kamaru Usman,0,41,0,0,0,1,17,41,18,42,0,1,17,41,8,28,7,11,2,2,17,41,0,0,0,0,0
701c97405da76603,Kamaru Usman,0,35,0,0,0,2,14,39,19,46,0,1,14,39,8,32,6,7,0,0,11,36,3,3,0,0,15
701c97405da76603,Kamaru Usman,0,44,0,0,0,3,17,38,17,38,0,1,17,38,8,23,9,15,0,0,17,38,0,0,0,0,2
701c97405da76603,Kamaru Usman,0,42,0,0,0,4,21,49,21,50,0,3,21,49,11,35,8,12,2,2,21,49,0,0,0,0,0
701c97405da76603,Kamaru Usman,0,34,0,0,0,5,23,67,24,68,0,1,23,67,14,52,7,13,2,2,22,66,1,1,0,0,7
e05155c1b5c2dc74,RJ Harris,1,57,,0,0,0,15,26,17,28,0,0,15,26,12,23,0,0,3,3,7,11,0,0,8,15,10
e05155c1b5c2dc74,RJ Harris,1,57,,0,0,1,15,26,17,28,0,0,15,26,12,23,0,0,3,3,7,11,0,0,8,15,10
e05155c1b5c2dc74,Alvin Hines,0,44,,0,0,0,11,25,11,25,0,0,11,25,0,5,2,7,9,13,11,25,0,0,0,0,0
e05155c1b5c2dc74,Alvin Hines,0,44,,0,0,1,11,25,11,25,0,0,11,25,0,5,2,7,9,13,11,25,0,0,0,0,0
f2abca7379982d4f,Chase Hooper,0,42,50,1,0,0,3,7,4,8,1,2,3,7,2,6,0,0,1,1,3,7,0,0,0,0,87
f2abca7379982d4f,Chase Hooper,0,42,50,1,0,1,3,7,4,8,1,2,3,7,2,6,0,0,1,1,3,7,0,0,0,0,87
f2abca7379982d4f,Mitch Ramirez,0,100,,0,0,0,1,1,3,3,0,0,1,1,0,0,0,0,1,1,1,1,0,0,0,0,0
f2abca7379982d4f,Mitch Ramirez,0,100,,0,0,1,1,1,3,3,0,0,1,1,0,0,0,0,1,1,1,1,0,0,0,0,0
410e6b9e01660b35,Alden Coria,0,34,60,4,0,0,44,127,60,144,3,5,44,127,35,118,8,8,1,1,42,125,1,1,1,1,137
410e6b9e01660b35,Alden Coria,0,35,0,0,0,1,14,39,15,40,0,1,14,39,11,36,3,3,0,0,14,39,0,0,0,0,9
410e6b9e01660b35,Alden Coria,0,41,100,1,0,2,14,34,23,44,1,1,14,34,9,29,4,4,1,1,12,32,1,1,1,1,65
410e6b9e01660b35,Alden Coria,0,29,66,3,0,3,16,54,22,60,2,3,16,54,15,53,1,1,0,0,16,54,0,0,0,0,63
410e6b9e01660b35,Stewart Nicoll,0,31,55,0,0,0,28,90,32,94,5,9,28,90,20,77,4,7,4,6,28,90,0,0,0,0,257
410e6b9e01660b35,Stewart Nicoll,0,23,75,0,0,1,9,39,10,40,3,4,9,39,7,36,1,1,1,2,9,39,0,0,0,0,63
410e6b9e01660b35,Stewart Nicoll,0,46,33,0,0,2,13,28,13,28,1,3,13,28,8,20,2,4,3,4,13,28,0,0,0,0,87
410e6b9e01660b35,Stewart Nicoll,0,26,50,0,0,3,6,23,9,26,1,2,6,23,5,21,1,2,0,0,6,23,0,0,0,0,107
4eff5a845db17572,Jared Cannonier,0,32,62,0,0,0,15,46,36,69,5,8,15,46,7,36,6,8,2,2,6,33,8,12,1,1,372
4eff5a845db17572,Jared Cannonier,0,25,33,0,0,1,2,8,5,12,1,3,2,8,0,6,2,2,0,0,2,8,0,0,0,0,122
4eff5a845db17572,Jared Cannonier,0,40,50,0,0,2,10,25,15,30,1,2,10,25,7,20,2,4,1,1,3,14,6,10,1,1,139
4eff5a845db17572,Jared Cannonier,0,23,100,0,0,3,3,13,16,27,3,3,3,13,0,10,2,2,1,1,1,11,2,2,0,0,111
4eff5a845db17572,Christian Leroy Duncan,0,58,33,0,1,0,68,117,94,148,1,3,68,117,37,85,17,18,14,14,43,82,25,34,0,1,136
4eff5a845db17572,Christian Leroy Duncan,0,64,100,0,0,1,27,42,37,56,1,1,27,42,13,28,10,10,4,4,14,24,13,18,0,0,69
4eff5a845db17572,Christian Leroy Duncan,0,51,0,0,1,2,16,31,26,42,0,1,16,31,11,25,3,4,2,2,10,23,6,7,0,1,44
4eff5a845db17572,Christian Leroy Duncan,0,56,0,0,0,3,25,44,31,50,0,1,25,44,13,32,4,4,8,8,19,35,6,9,0,0,23
52ddf20a10890b41,Tabatha Ricci,0,23,12,0,0,0,24,102,26,108,1,8,24,102,18,89,5,9,1,4,22,99,2,3,0,0,30
52ddf20a10890b41,Tabatha Ricci,0,16,0,0,0,1,5,31,6,33,0,3,5,31,4,29,1,1,0,1,4,30,1,1,0,0,1
52ddf20a10890b41,Tabatha Ricci,0,20,0,0,0,2,7,34,7,34,0,4,7,34,6,29,1,3,0,2,6,33,1,1,0,0,0
52ddf20a10890b41,Tabatha Ricci,0,32,100,0,0,3,12,37,13,41,1,1,12,37,8,31,3,5,1,1,12,36,0,1,0,0,29
52ddf20a10890b41,Fatima Kline,0,40,77,1,1,0,66,164,86,195,7,9,66,164,41,130,20,28,5,6,56,151,9,12,1,1,300
52ddf20a10890b41,Fatima Kline,0,23,100,0,0,1,13,55,14,60,3,3,13,55,9,50,4,5,0,0,10,50,3,5,0,0,99
52ddf20a10890b41,Fatima Kline,0,50,66,1,0,2,24,48,30,55,2,3,24,48,16,37,7,10,1,1,21,44,3,4,0,0,133
52ddf20a10890b41,Fatima Kline,0,47,66,0,1,3,29,61,42,80,2,3,29,61,16,43,9,13,4,5,25,57,3,3,1,1,68
307ea95ad7ebe466,Anna Melisano,0,33,,0,0,0,2,6,6,10,0,0,2,6,1,4,0,1,1,1,2,6,0,0,0,0,0
307ea95ad7ebe466,Anna Melisano,0,33,,0,0,1,2,6,6,10,0,0,2,6,1,4,0,1,1,1,2,6,0,0,0,0,0
307ea95ad7ebe466,Dione Barbosa,0,71,50,2,0,0,5,7,22,29,1,2,5,7,2,4,3,3,0,0,1,2,2,2,2,3,211
307ea95ad7ebe466,Dione Barbosa,0,71,50,2,0,1,5,7,22,29,1,2,5,7,2,4,3,3,0,0,1,2,2,2,2,3,211
