fight_id,Fighter,KD_x,Sig. str._x,Sig. str. %_x,Total str._x,Td_x,Td %_x,Sub. att_x,Rev._x,Ctrl_x,Round,KD_y,Sig. str._y,Sig. str. %_y,Total str._y,Td_y,Td %_y,Sub. att_y,Rev._y,Ctrl_y,Sig. str,Head,Body,Leg,Distance,Clinch,Ground
1162a74e3604c488,Ryan Gandra,1,10 of 20,50%,10 of 20,0 of 0,---,0,0,0:05,0,1,10 of 20,50%,10 of 20,0 of 0,---,0,0,0:05,,,,,,,
1162a74e3604c488,Ryan Gandra,1,10 of 20,50%,10 of 20,0 of 0,---,0,0,0:05,1,,,50%,,,,,,,10 of 20,8 of 16,2 of 4,0 of 0,5 of 13,0 of 0,5 of 7
1162a74e3604c488,Zach Reese,0,5 of 10,50%,5 of 10,0 of 0,---,0,0,0:00,0,0,5 of 10,50%,5 of 10,0 of 0,---,0,0,0:00,,,,,,,
1162a74e3604c488,Zach Reese,0,5 of 10,50%,5 of 10,0 of 0,---,0,0,0:00,1,,,50%,,,,,,,5 of 10,3 of 8,1 of 1,1 of 1,5 of 10,0 of 0,0 of 0
a26ea74f2e908842,King Green,1,43 of 72,59%,57 of 86,0 of 0,---,0,0,0:03,0,1,43 of 72,59%,57 of 86,0 of 0,---,0,0,0:03,,,,,,,
a26ea74f2e908842,King Green,1,43 of 72,59%,57 of 86,0 of 0,---,0,0,0:03,1,,,59%,,,,,,,43 of 72,18 of 43,20 of 24,5 of 5,35 of 59,0 of 2,8 of 11
a26ea74f2e908842,Terrance McKinney,0,45 of 80,56%,59 of 96,1 of 1,100%,0,0,2:12,0,0,45 of 80,56%,59 of 96,1 of 1,100%,0,0,2:12,,,,,,,
a26ea74f2e908842,Terrance McKinney,0,45 of 80,56%,59 of 96,1 of 1,100%,0,0,2:12,1,,,56%,,,,,,,45 of 80,40 of 75,5 of 5,0 of 0,25 of 58,2 of 3,18 of 19
989760fa75321d69,Conor McGregor,0,0 of 6,0%,5 of 11,0 of 0,---,0,0,0:00,0,0,0 of 6,0%,5 of 11,0 of 0,---,0,0,0:00,,,,,,,
989760fa75321d69,Conor McGregor,0,0 of 6,0%,5 of 11,0 of 0,---,0,0,0:00,1,,,0%,,,,,,,0 of 6,0 of 6,0 of 0,0 of 0,0 of 5,0 of 1,0 of 0
989760fa75321d69,Max Holloway,0,12 of 19,63%,14 of 22,0 of 0,---,0,0,0:37,0,0,12 of 19,63%,14 of 22,0 of 0,---,0,0,0:37,,,,,,,
989760fa75321d69,Max Holloway,0,12 of 19,63%,14 of 22,0 of 0,---,0,0,0:37,1,,,63%,,,,,,,12 of 19,8 of 15,0 of 0,4 of 4,5 of 6,0 of 0,7 of 13
1b6a3b0d27654d3e,Alessandro Costa,0,21 of 49,42%,25 of 53,0 of 0,---,2,0,1:01,0,0,21 of 49,42%,25 of 53,0 of 0,---,2,0,1:01,,,,,,,
1b6a3b0d27654d3e,Alessandro Costa,0,16 of 37,43%,16 of 37,0 of 0,---,0,0,0:00,1,,,43%,,,,,,,16 of 37,11 of 28,4 of 6,1 of 3,16 of 36,0 of 1,0 of 0
1b6a3b0d27654d3e,Alessandro Costa,0,5 of 12,41%,9 of 16,0 of 0,---,2,0,1:01,2,,,41%,,,,,,,5 of 12,4 of 8,0 of 1,1 of 3,3 of 9,0 of 0,2 of 3
1b6a3b0d27654d3e,Cody Durden,0,28 of 73,38%,30 of 75,0 of 2,0%,0,0,0:12,0,0,28 of 73,38%,30 of 75,0 of 2,0%,0,0,0:12,,,,,,,
1b6a3b0d27654d3e,Cody Durden,0,17 of 53,32%,19 of 55,0 of 2,0%,0,0,0:12,1,,,32%,,,,,,,17 of 53,12 of 48,2 of 2,3 of 3,16 of 51,1 of 2,0 of 0
1b6a3b0d27654d3e,Cody Durden,0,11 of 20,55%,11 of 20,0 of 0,---,0,0,0:00,2,,,55%,,,,,,,11 of 20,9 of 18,0 of 0,2 of 2,11 of 20,0 of 0,0 of 0
130b325610c54a64,Benoit Saint Denis,0,1 of 3,33%,1 of 3,0 of 1,0%,0,0,0:04,0,0,1 of 3,33%,1 of 3,0 of 1,0%,0,0,0:04,,,,,,,
130b325610c54a64,Benoit Saint Denis,0,1 of 3,33%,1 of 3,0 of 1,0%,0,0,0:04,1,,,33%,,,,,,,1 of 3,1 of 3,0 of 0,0 of 0,1 of 3,0 of 0,0 of 0
130b325610c54a64,Paddy Pimblett,0,4 of 5,80%,4 of 5,0 of 0,---,1,0,0:37,0,0,4 of 5,80%,4 of 5,0 of 0,---,1,0,0:37,,,,,,,
130b325610c54a64,Paddy Pimblett,0,4 of 5,80%,4 of 5,0 of 0,---,1,0,0:37,1,,,80%,,,,,,,4 of 5,2 of 3,0 of 0,2 of 2,4 of 5,0 of 0,0 of 0
7765e5e779dd7dc9,Nikita Krylov,0,51 of 99,51%,57 of 106,3 of 6,50%,0,0,2:10,0,0,51 of 99,51%,57 of 106,3 of 6,50%,0,0,2:10,,,,,,,
7765e5e779dd7dc9,Nikita Krylov,0,20 of 40,50%,26 of 47,3 of 5,60%,0,0,2:10,1,,,50%,,,,,,,20 of 40,10 of 28,7 of 8,3 of 4,17 of 36,3 of 4,0 of 0
7765e5e779dd7dc9,Nikita Krylov,0,28 of 52,53%,28 of 52,0 of 1,0%,0,0,0:00,2,,,53%,,,,,,,28 of 52,10 of 31,8 of 11,10 of 10,25 of 49,3 of 3,0 of 0
7765e5e779dd7dc9,Nikita Krylov,0,3 of 7,42%,3 of 7,0 of 0,---,0,0,0:00,3,,,42%,,,,,,,3 of 7,1 of 3,2 of 4,0 of 0,3 of 7,0 of 0,0 of 0
7765e5e779dd7dc9,Robert Whittaker,0,54 of 111,48%,55 of 112,0 of 0,---,0,0,0:00,0,0,54 of 111,48%,55 of 112,0 of 0,---,0,0,0:00,,,,,,,
7765e5e779dd7dc9,Robert Whittaker,0,20 of 38,52%,21 of 39,0 of 0,---,0,0,0:00,1,,,52%,,,,,,,20 of 38,20 of 38,0 of 0,0 of 0,17 of 32,3 of 6,0 of 0
7765e5e779dd7dc9,Robert Whittaker,0,29 of 61,47%,29 of 61,0 of 0,---,0,0,0:00,2,,,47%,,,,,,,29 of 61,29 of 61,0 of 0,0 of 0,29 of 61,0 of 0,0 of 0
7765e5e779dd7dc9,Robert Whittaker,0,5 of 12,41%,5 of 12,0 of 0,---,0,0,0:00,3,,,41%,,,,,,,5 of 12,5 of 12,0 of 0,0 of 0,5 of 12,0 of 0,0 of 0
930317fde9dbc55e,Luke Riley,1,43 of 67,64%,43 of 67,0 of 0,---,0,0,0:02,0,1,43 of 67,64%,43 of 67,0 of 0,---,0,0,0:02,,,,,,,
930317fde9dbc55e,Luke Riley,1,43 of 67,64%,43 of 67,0 of 0,---,0,0,0:02,1,,,64%,,,,,,,43 of 67,30 of 53,9 of 10,4 of 4,35 of 58,6 of 7,2 of 2
930317fde9dbc55e,Kai Kamaka III,0,23 of 41,56%,23 of 41,0 of 0,---,0,0,0:00,0,0,23 of 41,56%,23 of 41,0 of 0,---,0,0,0:00,,,,,,,
930317fde9dbc55e,Kai Kamaka III,0,23 of 41,56%,23 of 41,0 of 0,---,0,0,0:00,1,,,56%,,,,,,,23 of 41,9 of 23,4 of 5,10 of 13,23 of 41,0 of 0,0 of 0
118c25bda9392140,Gable Steveson,1,41 of 57,71%,41 of 57,0 of 1,0%,0,0,0:10,0,1,41 of 57,71%,41 of 57,0 of 1,0%,0,0,0:10,,,,,,,
118c25bda9392140,Gable Steveson,1,41 of 57,71%,41 of 57,0 of 1,0%,0,0,0:10,1,,,71%,,,,,,,41 of 57,25 of 39,12 of 14,4 of 4,28 of 40,12 of 16,1 of 1
118c25bda9392140,Elisha Ellison,0,13 of 33,39%,14 of 34,0 of 0,---,0,0,0:00,0,0,13 of 33,39%,14 of 34,0 of 0,---,0,0,0:00,,,,,,,
118c25bda9392140,Elisha Ellison,0,13 of 33,39%,14 of 34,0 of 0,---,0,0,0:00,1,,,39%,,,,,,,13 of 33,10 of 30,3 of 3,0 of 0,9 of 28,4 of 5,0 of 0
e9f389ba3a1e33c4,Cody Garbrandt,0,13 of 32,40%,13 of 32,0 of 1,0%,0,0,0:00,0,0,13 of 32,40%,13 of 32,0 of 1,0%,0,0,0:00,,,,,,,
e9f389ba3a1e33c4,Cody Garbrandt,0,13 of 32,40%,13 of 32,0 of 1,0%,0,0,0:00,1,,,40%,,,,,,,13 of 32,10 of 29,2 of 2,1 of 1,12 of 29,1 of 3,0 of 0
e9f389ba3a1e33c4,Adrian Yanez,1,16 of 30,53%,16 of 30,0 of 0,---,0,0,0:00,0,1,16 of 30,53%,16 of 30,0 of 0,---,0,0,0:00,,,,,,,
e9f389ba3a1e33c4,Adrian Yanez,1,16 of 30,53%,16 of 30,0 of 0,---,0,0,0:00,1,,,53%,,,,,,,16 of 30,13 of 27,2 of 2,1 of 1,12 of 25,4 of 5,0 of 0
9e00ee7644774e18,Farid Basharat,0,86 of 134,64%,95 of 145,5 of 22,22%,0,0,4:02,0,0,86 of 134,64%,95 of 145,5 of 22,22%,0,0,4:02,,,,,,,
9e00ee7644774e18,Farid Basharat,0,23 of 35,65%,24 of 36,2 of 4,50%,0,0,1:36,1,,,65%,,,,,,,23 of 35,16 of 26,2 of 3,5 of 6,21 of 32,1 of 2,1 of 1
9e00ee7644774e18,Farid Basharat,0,26 of 36,72%,28 of 38,2 of 10,20%,0,0,1:06,2,,,72%,,,,,,,26 of 36,21 of 30,2 of 3,3 of 3,23 of 33,1 of 1,2 of 2
9e00ee7644774e18,Farid Basharat,0,37 of 63,58%,43 of 71,1 of 8,12%,0,0,1:20,3,,,58%,,,,,,,37 of 63,28 of 53,2 of 3,7 of 7,24 of 42,3 of 4,10 of 17
9e00ee7644774e18,John Garza,0,82 of 187,43%,92 of 197,0 of 0,---,0,1,0:13,0,0,82 of 187,43%,92 of 197,0 of 0,---,0,1,0:13,,,,,,,
9e00ee7644774e18,John Garza,0,15 of 47,31%,20 of 52,0 of 0,---,0,1,0:07,1,,,31%,,,,,,,15 of 47,8 of 37,7 of 8,0 of 2,14 of 45,1 of 2,0 of 0
9e00ee7644774e18,John Garza,0,33 of 76,43%,37 of 80,0 of 0,---,0,0,0:05,2,,,43%,,,,,,,33 of 76,21 of 61,12 of 14,0 of 1,21 of 60,12 of 16,0 of 0
9e00ee7644774e18,John Garza,0,34 of 64,53%,35 of 65,0 of 0,---,0,0,0:01,3,,,53%,,,,,,,34 of 64,26 of 53,8 of 11,0 of 0,31 of 60,3 of 3,0 of 1
e84c3f1f9a33fa90,Tracy Cortez,0,72 of 156,46%,74 of 158,1 of 9,11%,0,0,0:31,0,0,72 of 156,46%,74 of 158,1 of 9,11%,0,0,0:31,,,,,,,
e84c3f1f9a33fa90,Tracy Cortez,0,21 of 44,47%,21 of 44,1 of 4,25%,0,0,0:13,1,,,47%,,,,,,,21 of 44,14 of 35,4 of 6,3 of 3,18 of 40,3 of 4,0 of 0
e84c3f1f9a33fa90,Tracy Cortez,0,27 of 56,48%,29 of 58,0 of 2,0%,0,0,0:00,2,,,48%,,,,,,,27 of 56,17 of 44,5 of 7,5 of 5,26 of 55,1 of 1,0 of 0
e84c3f1f9a33fa90,Tracy Cortez,0,24 of 56,42%,24 of 56,0 of 3,0%,0,0,0:18,3,,,42%,,,,,,,24 of 56,17 of 48,3 of 4,4 of 4,22 of 54,2 of 2,0 of 0
e84c3f1f9a33fa90,Wang Cong,0,137 of 215,63%,153 of 231,0 of 0,---,0,0,1:22,0,0,137 of 215,63%,153 of 231,0 of 0,---,0,0,1:22,,,,,,,
e84c3f1f9a33fa90,Wang Cong,0,41 of 63,65%,49 of 71,0 of 0,---,0,0,0:37,1,,,65%,,,,,,,41 of 63,21 of 38,4 of 5,16 of 20,37 of 57,4 of 6,0 of 0
e84c3f1f9a33fa90,Wang Cong,0,52 of 85,61%,55 of 88,0 of 0,---,0,0,0:29,2,,,61%,,,,,,,52 of 85,33 of 61,10 of 12,9 of 12,47 of 77,1 of 1,4 of 7
e84c3f1f9a33fa90,Wang Cong,0,44 of 67,65%,49 of 72,0 of 0,---,0,0,0:16,3,,,65%,,,,,,,44 of 67,23 of 41,14 of 16,7 of 10,42 of 65,1 of 1,1 of 1
b223b10ef19f912c,Damian Pinas,1,25 of 33,75%,28 of 37,0 of 1,0%,0,0,0:03,0,1,25 of 33,75%,28 of 37,0 of 1,0%,0,0,0:03,,,,,,,
b223b10ef19f912c,Damian Pinas,1,25 of 33,75%,28 of 37,0 of 1,0%,0,0,0:03,1,,,75%,,,,,,,25 of 33,12 of 20,5 of 5,8 of 8,24 of 32,0 of 0,1 of 1
b223b10ef19f912c,Cesar Almeida,0,37 of 50,74%,39 of 52,1 of 1,100%,0,0,0:33,0,0,37 of 50,74%,39 of 52,1 of 1,100%,0,0,0:33,,,,,,,
b223b10ef19f912c,Cesar Almeida,0,37 of 50,74%,39 of 52,1 of 1,100%,0,0,0:33,1,,,74%,,,,,,,37 of 50,8 of 16,15 of 20,14 of 14,37 of 50,0 of 0,0 of 0
a3ab1979192b647c,Brandon Royval,0,84 of 152,55%,146 of 218,3 of 6,50%,2,0,4:53,0,0,84 of 152,55%,146 of 218,3 of 6,50%,2,0,4:53,,,,,,,
a3ab1979192b647c,Brandon Royval,0,32 of 59,54%,49 of 76,1 of 2,50%,0,0,1:15,1,,,54%,,,,,,,32 of 59,27 of 54,3 of 3,2 of 2,20 of 45,4 of 4,8 of 10
a3ab1979192b647c,Brandon Royval,0,31 of 66,46%,58 of 95,1 of 3,33%,0,0,0:34,2,,,46%,,,,,,,31 of 66,30 of 65,1 of 1,0 of 0,25 of 56,3 of 5,3 of 5
a3ab1979192b647c,Brandon Royval,0,21 of 27,77%,39 of 47,1 of 1,100%,2,0,3:04,3,,,77%,,,,,,,21 of 27,21 of 27,0 of 0,0 of 0,10 of 16,4 of 4,7 of 7
a3ab1979192b647c,Lone'er Kavanagh,1,56 of 94,59%,63 of 101,1 of 2,50%,1,0,2:09,0,1,56 of 94,59%,63 of 101,1 of 2,50%,1,0,2:09,,,,,,,
a3ab1979192b647c,Lone'er Kavanagh,0,19 of 34,55%,19 of 34,1 of 1,100%,0,0,0:16,1,,,55%,,,,,,,19 of 34,7 of 18,6 of 7,6 of 9,17 of 30,1 of 1,1 of 3
a3ab1979192b647c,Lone'er Kavanagh,1,34 of 55,61%,39 of 60,0 of 1,0%,0,0,1:53,2,,,61%,,,,,,,34 of 55,22 of 41,11 of 12,1 of 2,14 of 26,9 of 12,11 of 17
a3ab1979192b647c,Lone'er Kavanagh,0,3 of 5,60%,5 of 7,0 of 0,---,1,0,0:00,3,,,60%,,,,,,,3 of 5,2 of 4,0 of 0,1 of 1,3 of 5,0 of 0,0 of 0
c572daedf2012a49,Cory Sandhagen,0,89 of 176,50%,104 of 196,1 of 4,25%,0,0,1:13,0,0,89 of 176,50%,104 of 196,1 of 4,25%,0,0,1:13,,,,,,,
c572daedf2012a49,Cory Sandhagen,0,39 of 71,54%,43 of 78,0 of 2,0%,0,0,0:23,1,,,54%,,,,,,,39 of 71,23 of 50,7 of 12,9 of 9,31 of 59,8 of 12,0 of 0
c572daedf2012a49,Cory Sandhagen,0,39 of 77,50%,44 of 82,0 of 0,---,0,0,0:09,2,,,50%,,,,,,,39 of 77,38 of 74,1 of 3,0 of 0,33 of 70,6 of 7,0 of 0
c572daedf2012a49,Cory Sandhagen,0,11 of 28,39%,17 of 36,1 of 2,50%,0,0,0:41,3,,,39%,,,,,,,11 of 28,9 of 26,1 of 1,1 of 1,9 of 25,2 of 3,0 of 0
c572daedf2012a49,Mario Bautista,1,114 of 185,61%,143 of 215,8 of 20,40%,3,0,3:21,0,1,114 of 185,61%,143 of 215,8 of 20,40%,3,0,3:21,,,,,,,
c572daedf2012a49,Mario Bautista,0,35 of 52,67%,42 of 59,1 of 4,25%,2,0,0:37,1,,,67%,,,,,,,35 of 52,24 of 40,5 of 6,6 of 6,31 of 48,4 of 4,0 of 0
c572daedf2012a49,Mario Bautista,0,39 of 79,49%,44 of 84,0 of 5,0%,0,0,0:18,2,,,49%,,,,,,,39 of 79,20 of 55,9 of 12,10 of 12,32 of 71,7 of 8,0 of 0
c572daedf2012a49,Mario Bautista,1,40 of 54,74%,57 of 72,7 of 11,63%,1,0,2:26,3,,,74%,,,,,,,40 of 54,32 of 46,6 of 6,2 of 2,19 of 26,6 of 6,15 of 22
9e525f939fba3e73,Ezra Elliott,0,6 of 11,54%,21 of 29,12 of 18,66%,3,0,11:01,0,0,6 of 11,54%,21 of 29,12 of 18,66%,3,0,11:01,,,,,,,
9e525f939fba3e73,Ezra Elliott,0,1 of 6,16%,4 of 9,4 of 7,57%,0,0,3:41,1,,,16%,,,,,,,1 of 6,0 of 4,0 of 1,1 of 1,1 of 5,0 of 1,0 of 0
9e525f939fba3e73,Ezra Elliott,0,5 of 5,100%,5 of 5,4 of 5,80%,3,0,4:03,2,,,100%,,,,,,,5 of 5,4 of 4,1 of 1,0 of 0,1 of 1,0 of 0,4 of 4
9e525f939fba3e73,Ezra Elliott,0,0 of 0,---,12 of 15,4 of 6,66%,0,0,3:17,3,,,---,,,,,,,0 of 0,0 of 0,0 of 0,0 of 0,0 of 0,0 of 0,0 of 0
9e525f939fba3e73,Damien Anderson,0,7 of 20,35%,23 of 37,0 of 2,0%,1,0,0:47,0,0,7 of 20,35%,23 of 37,0 of 2,0%,1,0,0:47,,,,,,,
9e525f939fba3e73,Damien Anderson,0,4 of 9,44%,14 of 20,0 of 1,0%,1,0,0:00,1,,,44%,,,,,,,4 of 9,3 of 6,1 of 1,0 of 2,2 of 6,1 of 2,1 of 1
9e525f939fba3e73,Damien Anderson,0,2 of 4,50%,2 of 4,0 of 1,0%,0,0,0:00,2,,,50%,,,,,,,2 of 4,1 of 3,1 of 1,0 of 0,0 of 2,2 of 2,0 of 0
9e525f939fba3e73,Damien Anderson,0,1 of 7,14%,7 of 13,0 of 0,---,0,0,0:47,3,,,14%,,,,,,,1 of 7,1 of 7,0 of 0,0 of 0,0 of 0,0 of 0,1 of 7
c64c6ba6eb1e1d06,Tommy McMillen,2,252 of 513,49%,255 of 517,0 of 0,---,0,0,0:57,0,2,252 of 513,49%,255 of 517,0 of 0,---,0,0,0:57,,,,,,,
c64c6ba6eb1e1d06,Tommy McMillen,0,74 of 170,43%,74 of 170,0 of 0,---,0,0,0:31,1,,,43%,,,,,,,74 of 170,56 of 144,10 of 15,8 of 11,71 of 166,0 of 0,3 of 4
c64c6ba6eb1e1d06,Tommy McMillen,0,97 of 197,49%,97 of 198,0 of 0,---,0,0,0:00,2,,,49%,,,,,,,97 of 197,68 of 160,26 of 33,3 of 4,89 of 181,8 of 16,0 of 0
c64c6ba6eb1e1d06,Tommy McMillen,2,81 of 146,55%,84 of 149,0 of 0,---,0,0,0:26,3,,,55%,,,,,,,81 of 146,61 of 125,16 of 17,4 of 4,74 of 137,3 of 3,4 of 6
c64c6ba6eb1e1d06,Alberto Montes,0,56 of 147,38%,56 of 147,0 of 0,---,0,0,0:00,0,0,56 of 147,38%,56 of 147,0 of 0,---,0,0,0:00,,,,,,,
c64c6ba6eb1e1d06,Alberto Montes,0,23 of 56,41%,23 of 56,0 of 0,---,0,0,0:00,1,,,41%,,,,,,,23 of 56,21 of 51,1 of 4,1 of 1,23 of 56,0 of 0,0 of 0
c64c6ba6eb1e1d06,Alberto Montes,0,26 of 64,40%,26 of 64,0 of 0,---,0,0,0:00,2,,,40%,,,,,,,26 of 64,21 of 58,3 of 4,2 of 2,26 of 64,0 of 0,0 of 0
c64c6ba6eb1e1d06,Alberto Montes,0,7 of 27,25%,7 of 27,0 of 0,---,0,0,0:00,3,,,25%,,,,,,,7 of 27,6 of 25,0 of 0,1 of 2,7 of 27,0 of 0,0 of 0
f2eb569176e46edf,Jean-Paul Lebosnoyani,0,52 of 152,34%,67 of 168,3 of 4,75%,2,0,2:09,0,0,52 of 152,34%,67 of 168,3 of 4,75%,2,0,2:09,,,,,,,
f2eb569176e46edf,Jean-Paul Lebosnoyani,0,15 of 51,29%,18 of 54,1 of 1,100%,1,0,0:30,1,,,29%,,,,,,,15 of 51,9 of 40,2 of 7,4 of 4,14 of 48,1 of 3,0 of 0
f2eb569176e46edf,Jean-Paul Lebosnoyani,0,15 of 34,44%,27 of 47,1 of 1,100%,1,0,1:12,2,,,44%,,,,,,,15 of 34,10 of 28,3 of 4,2 of 2,11 of 29,4 of 5,0 of 0
f2eb569176e46edf,Jean-Paul Lebosnoyani,0,22 of 67,32%,22 of 67,1 of 2,50%,0,0,0:27,3,,,32%,,,,,,,22 of 67,16 of 57,5 of 8,1 of 2,16 of 55,6 of 12,0 of 0
f2eb569176e46edf,Seokhyeon Ko,0,66 of 168,39%,80 of 186,0 of 4,0%,0,1,1:47,0,0,66 of 168,39%,80 of 186,0 of 4,0%,0,1,1:47,,,,,,,
f2eb569176e46edf,Seokhyeon Ko,0,25 of 61,40%,27 of 63,0 of 2,0%,0,0,0:14,1,,,40%,,,,,,,25 of 61,18 of 53,3 of 4,4 of 4,24 of 60,1 of 1,0 of 0
f2eb569176e46edf,Seokhyeon Ko,0,17 of 49,34%,28 of 63,0 of 1,0%,0,1,1:33,2,,,34%,,,,,,,17 of 49,14 of 45,3 of 4,0 of 0,13 of 45,1 of 1,3 of 3
f2eb569176e46edf,Seokhyeon Ko,0,24 of 58,41%,25 of 60,0 of 1,0%,0,0,0:00,3,,,41%,,,,,,,24 of 58,23 of 55,1 of 3,0 of 0,24 of 58,0 of 0,0 of 0
46d800ce45fdd3e6,Levi Rodrigues Jr.,0,11 of 32,34%,26 of 52,0 of 0,---,0,0,0:00,0,0,11 of 32,34%,26 of 52,0 of 0,---,0,0,0:00,,,,,,,
46d800ce45fdd3e6,Levi Rodrigues Jr.,0,11 of 28,39%,26 of 48,0 of 0,---,0,0,0:00,1,,,39%,,,,,,,11 of 28,7 of 23,0 of 0,4 of 5,11 of 28,0 of 0,0 of 0
46d800ce45fdd3e6,Levi Rodrigues Jr.,0,0 of 4,0%,0 of 4,0 of 0,---,0,0,0:00,2,,,0%,,,,,,,0 of 4,0 of 4,0 of 0,0 of 0,0 of 4,0 of 0,0 of 0
46d800ce45fdd3e6,Felipe Franco,0,39 of 56,69%,52 of 72,3 of 6,50%,0,0,3:51,0,0,39 of 56,69%,52 of 72,3 of 6,50%,0,0,3:51,,,,,,,
46d800ce45fdd3e6,Felipe Franco,0,16 of 25,64%,25 of 37,2 of 4,50%,0,0,2:27,1,,,64%,,,,,,,16 of 25,15 of 24,1 of 1,0 of 0,9 of 16,0 of 0,7 of 9
46d800ce45fdd3e6,Felipe Franco,0,23 of 31,74%,27 of 35,1 of 2,50%,0,0,1:24,2,,,74%,,,,,,,23 of 31,23 of 31,0 of 0,0 of 0,3 of 4,0 of 0,20 of 27
3bd159c1bed14700,Austin Bashi,0,32 of 87,36%,54 of 111,3 of 14,21%,1,1,3:10,0,0,32 of 87,36%,54 of 111,3 of 14,21%,1,1,3:10,,,,,,,
3bd159c1bed14700,Austin Bashi,0,10 of 28,35%,11 of 29,1 of 6,16%,0,0,0:40,1,,,35%,,,,,,,10 of 28,7 of 25,3 of 3,0 of 0,9 of 26,1 of 2,0 of 0
3bd159c1bed14700,Austin Bashi,0,7 of 27,25%,13 of 33,2 of 5,40%,0,0,1:10,2,,,25%,,,,,,,7 of 27,4 of 22,1 of 2,2 of 3,5 of 25,2 of 2,0 of 0
3bd159c1bed14700,Austin Bashi,0,15 of 32,46%,30 of 49,0 of 3,0%,1,1,1:20,3,,,46%,,,,,,,15 of 32,12 of 27,3 of 5,0 of 0,12 of 27,1 of 3,2 of 2
3bd159c1bed14700,Jose Delgado,1,35 of 85,41%,70 of 126,1 of 3,33%,0,0,1:54,0,1,35 of 85,41%,70 of 126,1 of 3,33%,0,0,1:54,,,,,,,
3bd159c1bed14700,Jose Delgado,1,12 of 29,41%,38 of 60,0 of 0,---,0,0,1:24,1,,,41%,,,,,,,12 of 29,6 of 23,4 of 4,2 of 2,9 of 25,2 of 3,1 of 1
3bd159c1bed14700,Jose Delgado,0,13 of 28,46%,15 of 30,0 of 0,---,0,0,0:11,2,,,46%,,,,,,,13 of 28,9 of 22,3 of 5,1 of 1,12 of 27,1 of 1,0 of 0
3bd159c1bed14700,Jose Delgado,0,10 of 28,35%,17 of 36,1 of 3,33%,0,0,0:19,3,,,35%,,,,,,,10 of 28,7 of 25,2 of 2,1 of 1,8 of 26,2 of 2,0 of 0
701c97405da76603,Dricus Du Plessis,0,136 of 273,49%,139 of 278,0 of 2,0%,0,0,0:06,0,0,136 of 273,49%,139 of 278,0 of 2,0%,0,0,0:06,,,,,,,
701c97405da76603,Dricus Du Plessis,0,29 of 62,46%,30 of 63,0 of 0,---,0,0,0:00,1,,,46%,,,,,,,29 of 62,22 of 50,2 of 5,5 of 7,28 of 61,1 of 1,0 of 0
701c97405da76603,Dricus Du Plessis,0,36 of 70,51%,38 of 73,0 of 0,---,0,0,0:06,2,,,51%,,,,,,,36 of 70,32 of 66,2 of 2,2 of 2,34 of 67,2 of 2,0 of 1
701c97405da76603,Dricus Du Plessis,0,25 of 43,58%,25 of 43,0 of 0,---,0,0,0:00,3,,,58%,,,,,,,25 of 43,17 of 33,6 of 8,2 of 2,25 of 43,0 of 0,0 of 0
701c97405da76603,Dricus Du Plessis,0,24 of 51,47%,24 of 52,0 of 0,---,0,0,0:00,4,,,47%,,,,,,,24 of 51,18 of 43,6 of 7,0 of 1,23 of 49,1 of 1,0 of 1
701c97405da76603,Dricus Du Plessis,0,22 of 47,46%,22 of 47,0 of 2,0%,0,0,0:00,5,,,46%,,,,,,,22 of 47,13 of 38,8 of 8,1 of 1,22 of 47,0 of 0,0 of 0
701c97405da76603,Kamaru Usman,0,92 of 234,39%,99 of 244,0 of 7,0%,0,0,0:24,0,0,92 of 234,39%,99 of 244,0 of 7,0%,0,0,0:24,,,,,,,
701c97405da76603,Kamaru Usman,0,17 of 41,41%,18 of 42,0 of 1,0%,0,0,0:00,1,,,41%,,,,,,,17 of 41,8 of 28,7 of 11,2 of 2,17 of 41,0 of 0,0 of 0
701c97405da76603,Kamaru Usman,0,14 of 39,35%,19 of 46,0 of 1,0%,0,0,0:15,2,,,35%,,,,,,,14 of 39,8 of 32,6 of 7,0 of 0,11 of 36,3 of 3,0 of 0
701c97405da76603,Kamaru Usman,0,17 of 38,44%,17 of 38,0 of 1,0%,0,0,0:02,3,,,44%,,,,,,,17 of 38,8 of 23,9 of 15,0 of 0,17 of 38,0 of 0,0 of 0
701c97405da76603,Kamaru Usman,0,21 of 49,42%,21 of 50,0 of 3,0%,0,0,0:00,4,,,42%,,,,,,,21 of 49,11 of 35,8 of 12,2 of 2,21 of 49,0 of 0,0 of 0
701c97405da76603,Kamaru Usman,0,23 of 67,34%,24 of 68,0 of 1,0%,0,0,0:07,5,,,34%,,,,,,,23 of 67,14 of 52,7 of 13,2 of 2,22 of 66,1 of 1,0 of 0
e05155c1b5c2dc74,RJ Harris,1,15 of 26,57%,17 of 28,0 of 0,---,0,0,0:10,0,1,15 of 26,57%,17 of 28,0 of 0,---,0,0,0:10,,,,,,,
e05155c1b5c2dc74,RJ Harris,1,15 of 26,57%,17 of 28,0 of 0,---,0,0,0:10,1,,,57%,,,,,,,15 of 26,12 of 23,0 of 0,3 of 3,7 of 11,0 of 0,8 of 15
e05155c1b5c2dc74,Alvin Hines,0,11 of 25,44%,11 of 25,0 of 0,---,0,0,0:00,0,0,11 of 25,44%,11 of 25,0 of 0,---,0,0,0:00,,,,,,,
e05155c1b5c2dc74,Alvin Hines,0,11 of 25,44%,11 of 25,0 of 0,---,0,0,0:00,1,,,44%,,,,,,,11 of 25,0 of 5,2 of 7,9 of 13,11 of 25,0 of 0,0 of 0
f2abca7379982d4f,Chase Hooper,0,3 of 7,42%,4 of 8,1 of 2,50%,1,0,1:27,0,0,3 of 7,42%,4 of 8,1 of 2,50%,1,0,1:27,,,,,,,
f2abca7379982d4f,Chase Hooper,0,3 of 7,42%,4 of 8,1 of 2,50%,1,0,1:27,1,,,42%,,,,,,,3 of 7,2 of 6,0 of 0,1 of 1,3 of 7,0 of 0,0 of 0
f2abca7379982d4f,Mitch Ramirez,0,1 of 1,100%,3 of 3,0 of 0,---,0,0,0:00,0,0,1 of 1,100%,3 of 3,0 of 0,---,0,0,0:00,,,,,,,
f2abca7379982d4f,Mitch Ramirez,0,1 of 1,100%,3 of 3,0 of 0,---,0,0,0:00,1,,,100%,,,,,,,1 of 1,0 of 0,0 of 0,1 of 1,1 of 1,0 of 0,0 of 0
410e6b9e01660b35,Alden Coria,0,44 of 127,34%,60 of 144,3 of 5,60%,4,0,2:17,0,0,44 of 127,34%,60 of 144,3 of 5,60%,4,0,2:17,,,,,,,
410e6b9e01660b35,Alden Coria,0,14 of 39,35%,15 of 40,0 of 1,0%,0,0,0:09,1,,,35%,,,,,,,14 of 39,11 of 36,3 of 3,0 of 0,14 of 39,0 of 0,0 of 0
410e6b9e01660b35,Alden Coria,0,14 of 34,41%,23 of 44,1 of 1,100%,1,0,1:05,2,,,41%,,,,,,,14 of 34,9 of 29,4 of 4,1 of 1,12 of 32,1 of 1,1 of 1
410e6b9e01660b35,Alden Coria,0,16 of 54,29%,22 of 60,2 of 3,66%,3,0,1:03,3,,,29%,,,,,,,16 of 54,15 of 53,1 of 1,0 of 0,16 of 54,0 of 0,0 of 0
410e6b9e01660b35,Stewart Nicoll,0,28 of 90,31%,32 of 94,5 of 9,55%,0,0,4:17,0,0,28 of 90,31%,32 of 94,5 of 9,55%,0,0,4:17,,,,,,,
410e6b9e01660b35,Stewart Nicoll,0,9 of 39,23%,10 of 40,3 of 4,75%,0,0,1:03,1,,,23%,,,,,,,9 of 39,7 of 36,1 of 1,1 of 2,9 of 39,0 of 0,0 of 0
410e6b9e01660b35,Stewart Nicoll,0,13 of 28,46%,13 of 28,1 of 3,33%,0,0,1:27,2,,,46%,,,,,,,13 of 28,8 of 20,2 of 4,3 of 4,13 of 28,0 of 0,0 of 0
410e6b9e01660b35,Stewart Nicoll,0,6 of 23,26%,9 of 26,1 of 2,50%,0,0,1:47,3,,,26%,,,,,,,6 of 23,5 of 21,1 of 2,0 of 0,6 of 23,0 of 0,0 of 0
4eff5a845db17572,Jared Cannonier,0,15 of 46,32%,36 of 69,5 of 8,62%,0,0,6:12,0,0,15 of 46,32%,36 of 69,5 of 8,62%,0,0,6:12,,,,,,,
4eff5a845db17572,Jared Cannonier,0,2 of 8,25%,5 of 12,1 of 3,33%,0,0,2:02,1,,,25%,,,,,,,2 of 8,0 of 6,2 of 2,0 of 0,2 of 8,0 of 0,0 of 0
4eff5a845db17572,Jared Cannonier,0,10 of 25,40%,15 of 30,1 of 2,50%,0,0,2:19,2,,,40%,,,,,,,10 of 25,7 of 20,2 of 4,1 of 1,3 of 14,6 of 10,1 of 1
4eff5a845db17572,Jared Cannonier,0,3 of 13,23%,16 of 27,3 of 3,100%,0,0,1:51,3,,,23%,,,,,,,3 of 13,0 of 10,2 of 2,1 of 1,1 of 11,2 of 2,0 of 0
4eff5a845db17572,Christian Leroy Duncan,0,68 of 117,58%,94 of 148,1 of 3,33%,0,1,2:16,0,0,68 of 117,58%,94 of 148,1 of 3,33%,0,1,2:16,,,,,,,
4eff5a845db17572,Christian Leroy Duncan,0,27 of 42,64%,37 of 56,1 of 1,100%,0,0,1:09,1,,,64%,,,,,,,27 of 42,13 of 28,10 of 10,4 of 4,14 of 24,13 of 18,0 of 0
4eff5a845db17572,Christian Leroy Duncan,0,16 of 31,51%,26 of 42,0 of 1,0%,0,1,0:44,2,,,51%,,,,,,,16 of 31,11 of 25,3 of 4,2 of 2,10 of 23,6 of 7,0 of 1
4eff5a845db17572,Christian Leroy Duncan,0,25 of 44,56%,31 of 50,0 of 1,0%,0,0,0:23,3,,,56%,,,,,,,25 of 44,13 of 32,4 of 4,8 of 8,19 of 35,6 of 9,0 of 0
52ddf20a10890b41,Tabatha Ricci,0,24 of 102,23%,26 of 108,1 of 8,12%,0,0,0:30,0,0,24 of 102,23%,26 of 108,1 of 8,12%,0,0,0:30,,,,,,,
52ddf20a10890b41,Tabatha Ricci,0,5 of 31,16%,6 of 33,0 of 3,0%,0,0,0:01,1,,,16%,,,,,,,5 of 31,4 of 29,1 of 1,0 of 1,4 of 30,1 of 1,0 of 0
52ddf20a10890b41,Tabatha Ricci,0,7 of 34,20%,7 of 34,0 of 4,0%,0,0,0:00,2,,,20%,,,,,,,7 of 34,6 of 29,1 of 3,0 of 2,6 of 33,1 of 1,0 of 0
52ddf20a10890b41,Tabatha Ricci,0,12 of 37,32%,13 of 41,1 of 1,100%,0,0,0:29,3,,,32%,,,,,,,12 of 37,8 of 31,3 of 5,1 of 1,12 of 36,0 of 1,0 of 0
52ddf20a10890b41,Fatima Kline,0,66 of 164,40%,86 of 195,7 of 9,77%,1,1,5:00,0,0,66 of 164,40%,86 of 195,7 of 9,77%,1,1,5:00,,,,,,,
52ddf20a10890b41,Fatima Kline,0,13 of 55,23%,14 of 60,3 of 3,100%,0,0,1:39,1,,,23%,,,,,,,13 of 55,9 of 50,4 of 5,0 of 0,10 of 50,3 of 5,0 of 0
52ddf20a10890b41,Fatima Kline,0,24 of 48,50%,30 of 55,2 of 3,66%,1,0,2:13,2,,,50%,,,,,,,24 of 48,16 of 37,7 of 10,1 of 1,21 of 44,3 of 4,0 of 0
52ddf20a10890b41,Fatima Kline,0,29 of 61,47%,42 of 80,2 of 3,66%,0,1,1:08,3,,,47%,,,,,,,29 of 61,16 of 43,9 of 13,4 of 5,25 of 57,3 of 3,1 of 1
307ea95ad7ebe466,Anna Melisano,0,2 of 6,33%,6 of 10,0 of 0,---,0,0,0:00,0,0,2 of 6,33%,6 of 10,0 of 0,---,0,0,0:00,,,,,,,
307ea95ad7ebe466,Anna Melisano,0,2 of 6,33%,6 of 10,0 of 0,---,0,0,0:00,1,,,33%,,,,,,,2 of 6,1 of 4,0 of 1,1 of 1,2 of 6,0 of 0,0 of 0
307ea95ad7ebe466,Dione Barbosa,0,5 of 7,71%,22 of 29,1 of 2,50%,2,0,3:31,0,0,5 of 7,71%,22 of 29,1 of 2,50%,2,0,3:31,,,,,,,
307ea95ad7ebe466,Dione Barbosa,0,5 of 7,71%,22 of 29,1 of 2,50%,2,0,3:31,1,,,71%,,,,,,,5 of 7,2 of 4,3 of 3,0 of 0,1 of 2,2 of 2,2 of 3
